{
  "products": [
    {
      "id": "1",
      "ProductName": "Sample Product",
      "Quantity": 10,
      "Price": 19.99
    },
    {
      "ProductName": "Himakar",
      "Quantity": "2",
      "Price": "200",
      "id": "gvqOzF-"
    },
    {
      "ProductName": "drhfgjyhukijl",
      "Quantity": "1",
      "Price": "4544",
      "id": "dyveHGC"
    },
    {
      "ProductName": "csk",
      "Quantity": "10",
      "Price": "44",
      "id": "jk53GiC"
    },
    {
      "ProductName": "ekdml",
      "Quantity": "22",
      "Price": "22",
      "id": "65kLi6f"
    }
  ]
}